,cell_barcode,infected,infecting_viral_tag,total_UMIs,viral_UMIs,frac_viral_UMIs,n_viral_genes,transcriptome_UMIs_fluHA,transcriptome_UMIs_fluM,transcriptome_UMIs_fluNA,transcriptome_UMIs_fluNP,transcriptome_UMIs_fluNS,transcriptome_UMIs_fluPA,transcriptome_UMIs_fluPB1,transcriptome_UMIs_fluPB2,frac_UMIs_fluHA,frac_UMIs_fluM,frac_UMIs_fluNA,frac_UMIs_fluNP,frac_UMIs_fluNS,frac_UMIs_fluPA,frac_UMIs_fluPB1,frac_UMIs_fluPB2,present_fluHA,present_fluM,present_fluNA,present_fluNP,present_fluNS,present_fluPA,present_fluPB1,present_fluPB2,mutations_fluHA,mutations_fluM,mutations_fluNA,mutations_fluNP,mutations_fluNS,mutations_fluPA,mutations_fluPB1,mutations_fluPB2,pacbio_UMIs_fluHA,pacbio_UMIs_fluM,pacbio_UMIs_fluNA,pacbio_UMIs_fluNP,pacbio_UMIs_fluNS,pacbio_UMIs_fluPA,pacbio_UMIs_fluPB1,pacbio_UMIs_fluPB2,mutation_support_fluHA,mutation_support_fluM,mutation_support_fluNA,mutation_support_fluNP,mutation_support_fluNS,mutation_support_fluPA,mutation_support_fluPB1,mutation_support_fluPB2,n_viral_barcodes_fluHA,n_viral_barcodes_fluNA,viral_barcodes_fluHA,viral_barcodes_fluNA,freq_supernatant_fluHA,freq_supernatant_fluNA,freq_second_infection_fluHA,freq_second_infection_fluNA,all_viral_genes,missing_viral_genes,virus_fully_sequenced,all_barcoded_genes,sequenced_and_barcoded,viral_mutations,nonsynonymous_mutations,mutation_support,mutated_genes,has_mutations,has_nonsynonymous_mutations,nonsynonymous_mutation_count,cell_label,freq_supernatant,freq_second_infection
3,AAAGGGCTCCGCACTT,infected,wt,128527,3021,0.0235047888770452,7,86,735,23,232,649,0,18,1278,0.0006691201070592,0.0057186427754479,0.0001789507263065,0.0018050681957876,0.0050495226683887,0.0,0.0001400483945007,0.0099434360095544,True,True,True,True,True,False,True,True,WT,WT,WT,WT,WT,WT,WT,del168to2007 del2097to2106,11,34,9,121,70,1,5,1611,Not Applicable,Not Applicable,Not Applicable,Not Applicable,Not Applicable,Not Applicable,Not Applicable,1597/1611 1601/1611,3.0,2.0,AATCTACGAGGGAAAC; ATGGATCAGATTTCCT; GCAAAAATACAAAGTA,CTCGTTTTCGGAGTAC; GACTATCTAATTGAGG,0.0570847325059524,0.0012427255346914448,0.003326076589995462,0.00013127005517101948,False,PA,True,True,sequenced and barcoded,PB2: del168to2007 del2097to2106,"PB2: del168to2007, PB2: del2097to2106",PB2: 1597/1611 1601/1611,PB2,True,True,2,"Missing viral gene(s) and
non-synonymous mutations",0.012422175189563407,0.0012174726589451012
4,AAAGTCCAGTAGAGTT,infected,wt,75830,15135,0.1995911908215746,8,566,7232,82,2902,2897,59,1120,277,0.0074640643544771,0.095371225108796,0.0010813662138995,0.0382698140577607,0.0382038770934986,0.0007780561782935,0.014769879994725,0.0036529078201239,True,True,True,True,True,True,True,True,WT,WT,WT,WT,WT,WT,WT,WT,19,427,40,1458,314,11,88,55,Not Applicable,Not Applicable,Not Applicable,Not Applicable,Not Applicable,Not Applicable,Not Applicable,Not Applicable,1.0,1.0,CGCAGGTAACAAGAAG,TTTACTTTAAGTGCTT,0.00016164064054015868,9.210868908120646e-05,0.00020202034870080805,6.563502758550974e-05,True,,True,True,sequenced and barcoded,,,,,False,False,0,Complete unmutated genome,0.00017995985545867456,0.00021216593448886482
5,AACCAACAGGGTCTTT,infected,wt,130332,17157,0.1316407328975232,8,1347,6280,4204,4026,414,73,673,140,0.0103351440935457,0.0481846361599607,0.0322560844612221,0.0308903415891722,0.0031765030844305,0.0005601080317957,0.0051637356903906,0.0010741797870054,True,True,True,True,True,True,True,True,WT,A111C_synonymous,del39to1256,WT,G550A_G184R,A937C_T313P,WT,WT,561,472,1550,2519,50,9,412,147,Not Applicable,436/472,1483/1550,Not Applicable,48/50,7/9,Not Applicable,Not Applicable,2.0,1.0,GTTTTAACTGAACGTG; CCGATTAGAAATCCGT,AGTTATTGGTTGGATA,0.00032328128108031736,0.008946368690813474,0.0004040406974016161,0.00014300090668822632,True,,True,True,sequenced and barcoded,"M: A111C_synonymous, NA: del39to1256, NS: G550A_G184R, PA: A937C_T313P","NA: del39to1256, NS: G550A_G184R, PA: A937C_T313P","M: 436/472, NA: 1483/1550, NS: 48/50, PA: 7/9","M, NA, NS, PA",True,True,3,Complete mutated genome,0.002508209040349775,0.00044288626491220353
11,AAGGAATAGCATCGAG,infected,wt,91039,3192,0.0350618965498302,8,114,1262,48,250,1480,5,18,15,0.0012522105910653,0.0138621909291622,0.0005272465646591,0.0027460758575994,0.0162567690769889,5.492151715198981e-05,0.0001977174617471,0.0001647645514559,True,True,True,True,True,True,True,True,WT,WT,del43to43,WT,WT,WT,WT,T650A_F217Y,12,87,14,148,169,5,3,4,Not Applicable,Not Applicable,14/14,Not Applicable,Not Applicable,Not Applicable,Not Applicable,4/4,1.0,1.0,GAGAAACATGTGTGAG,CTGTTGTTCTTTACCA,0.00016164064054015868,0.000662245152180727,0.0040848808704163474,0.0010850856614800731,True,,True,True,sequenced and barcoded,"NA: del43to43, PB2: T650A_F217Y","NA: del43to43, PB2: T650A_F217Y","NA: 14/14, PB2: 4/4","NA, PB2",True,True,2,Complete mutated genome,0.0004825415655748086,0.0038791088861328724
14,AATCGTGGTACTGAGG,infected,wt,168506,6655,0.039494142641805,7,1417,2295,46,2662,3,118,55,59,0.0084091961117111,0.0136196930673091,0.0002729873120244,0.015797657056722,1.7803520349423762e-05,0.0007002718004106,0.0003263978730727,0.0003501359002053,True,True,True,True,False,True,True,True,WT,WT,A1634T_noncoding,WT,WT,WT,WT,WT,732,228,29,2550,2,134,77,84,Not Applicable,Not Applicable,28/29,Not Applicable,Not Applicable,Not Applicable,Not Applicable,Not Applicable,1.0,1.0,TGACCTCCCTCGGTTA,CGGTAAACGAACTTCA,0.00016164064054015868,9.210868908120646e-05,0.00020202034870080805,6.563502758550974e-05,False,NS,True,True,sequenced and barcoded,NA: A1634T_noncoding,,NA: 28/29,NA,True,False,0,Missing viral gene(s),0.00017995985545867456,0.00021216593448886482
21,ACAGAAATCTCTTGCG,infected,wt,93505,5813,0.0621677985134484,8,815,3882,48,726,149,56,108,29,0.008716111437891,0.0415164964440404,0.0005133415325383,0.0077642906796428,0.0015934976739211,0.000598898454628,0.0011550184482113,0.0003101438425752,True,True,True,True,True,True,True,True,WT,WT,WT,WT,WT,WT,WT,WT,126,131,37,490,10,43,106,18,Not Applicable,Not Applicable,Not Applicable,Not Applicable,Not Applicable,Not Applicable,Not Applicable,Not Applicable,5.0,1.0,AAATATGAAACGATTT; AACTATCGGAGTAACA; GACCTTCTGAGAAAAC; GTGAGACGTGACTTTC; GTTTCTTCTTTTTTAG,ATATACCAGACTTGGC,0.04610347650230334,9.210868908120646e-05,0.0010332067216872692,6.563502758550974e-05,True,,True,True,sequenced and barcoded,,,,,False,False,0,Complete unmutated genome,0.003039255364403312,0.00047981266553226524
22,ACAGGGAGTATCGTAC,infected,wt,113842,11395,0.1000948683262767,8,625,320,8546,918,592,89,190,115,0.0054900651780537,0.0028109133711635,0.0750689552186363,0.0080638077335254,0.0052001897366525,0.0007817852813548,0.0016689798141283,0.0010101719927618,True,True,True,True,True,True,True,True,WT,WT,WT,WT,WT,WT,WT,WT,41,29,24,400,86,11,18,32,Not Applicable,Not Applicable,Not Applicable,Not Applicable,Not Applicable,Not Applicable,Not Applicable,Not Applicable,2.0,1.0,CAAGGCATTCGATTAG; CATGCATTGTTCAATC,CTGAGACCTCAGACTG,0.00032328128108031736,9.210868908120646e-05,0.0004040406974016161,6.563502758550974e-05,True,,True,True,sequenced and barcoded,,,,,False,False,0,Complete unmutated genome,0.0002545016682723594,0.00030004794202771425
27,ACCTGTCCAAGTCCCG,infected,wt,142294,5999,0.0421591915330231,8,552,1027,48,460,3618,53,157,84,0.003879292169733,0.0072174511926012,0.0003373297538898,0.0032327434747775,0.0254262301994462,0.00037246826992,0.0011033494033479,0.0005903270693072,True,True,True,True,True,True,True,True,WT,WT,WT,WT,WT,WT,G2201A_R734Q,WT,24,54,20,236,416,18,11,19,Not Applicable,Not Applicable,Not Applicable,Not Applicable,Not Applicable,Not Applicable,8/11,Not Applicable,1.0,1.0,ACATTATCCCGCGACG,ATGAGTTGGATCTCGC,0.00016164064054015868,9.210868908120646e-05,0.00020202034870080805,6.563502758550974e-05,True,,True,True,sequenced and barcoded,PB1: G2201A_R734Q,PB1: G2201A_R734Q,PB1: 8/11,PB1,True,True,1,Complete mutated genome,0.00017995985545867456,0.00021216593448886482
30,ACGCACGTCCATAAGC,infected,wt,92304,10754,0.1165063269197434,8,125,7107,60,2265,806,13,222,156,0.0013542208355,0.0769955798231929,0.00065002600104,0.0245384815392615,0.0087320159473045,0.000140838966892,0.0024050962038481,0.0016900676027041,True,True,True,True,True,True,True,True,WT,WT,WT,WT,WT,WT,WT,WT,20,579,35,1590,91,11,177,106,Not Applicable,Not Applicable,Not Applicable,Not Applicable,Not Applicable,Not Applicable,Not Applicable,Not Applicable,3.0,2.0,CAAACGTACCTTAATG; GATTCTAAGTTGAGGA; TGATCCTTAAGTAAGT,CCCTCCGGCTATCGTT; GTTTTTTTAACGATTC,0.0015091859049770808,0.0012680747203158266,0.0008585220420512948,0.00013127005517101948,True,,True,True,sequenced and barcoded,,,,,False,False,0,Complete unmutated genome,0.002040299138704863,0.0006185414657047245
31,ACGGTTATCCTAGAGT,infected,wt,136490,17944,0.1314675067770532,8,1139,10570,313,2076,3640,19,150,37,0.0083449336947761,0.0774415708110484,0.0022932082936478,0.0152099054875815,0.0266686204117517,0.000139204337314,0.0010989816103743,0.000271082130559,True,True,True,True,True,True,True,True,WT,WT,WT,WT,WT,WT,WT,WT,115,570,173,1428,436,8,34,13,Not Applicable,Not Applicable,Not Applicable,Not Applicable,Not Applicable,Not Applicable,Not Applicable,Not Applicable,2.0,2.0,GAAAAAGAACAGAGTG; ACCCACGGGGAGATTT,AGCGTTCGGTTCTGGA; TGGTCATAAGCTCTCG,0.03078771335667457,0.019291375710731643,0.0004166689257764223,0.00013127005517101948,True,,True,True,sequenced and barcoded,,,,,False,False,0,Complete unmutated genome,0.03594350051405242,0.0004309120617186821
35,ACTATCTGTGTCATCA,infected,wt,92618,2144,0.0231488479561208,7,246,616,990,57,124,0,77,34,0.0026560711740698,0.0066509749724675,0.0106890669200371,0.0006154311256991,0.0013388326243278,0.0,0.0008313718715584,0.0003670992679608,True,True,True,True,True,False,True,True,WT,WT,WT,WT,WT,WT,WT,WT,8,23,3,15,16,1,5,5,Not Applicable,Not Applicable,Not Applicable,Not Applicable,Not Applicable,Not Applicable,Not Applicable,Not Applicable,2.0,1.0,CGCGCAATGGCAAGTT; GGATATGTGAAGAGGA,AGGAACTTGAAAAGGC,0.026696933653046324,0.014395941782934024,0.0010721292276520073,0.0004017593455638659,False,PA,True,True,sequenced and barcoded,,,,,False,False,0,Missing viral gene(s),0.028913507925959817,0.0012092520214746017
38,ACTGTCCTCACGGTCG,infected,wt,166567,4705,0.0282468916412014,8,107,958,2471,208,942,7,3,9,0.0006423841457191,0.0057514393607377,0.0148348712530093,0.0012487467505568,0.0056553819183871,4.202513102835495e-05,1.8010770440723553e-05,5.403231132217066e-05,True,True,True,True,True,True,True,True,WT,WT,del71to1425,WT,WT,WT,WT,WT,12,69,458,129,134,4,2,2,Not Applicable,Not Applicable,454/458,Not Applicable,Not Applicable,Not Applicable,Not Applicable,Not Applicable,1.0,1.0,ACTGTCCAGCTATGCT,GTAACAAAATTAGCGC,0.00016164064054015868,0.08484550751006285,0.00020202034870080805,0.4192043506558479,True,,True,True,sequenced and barcoded,NA: del71to1425,NA: del71to1425,NA: 454/458,NA,True,True,1,Complete mutated genome,0.005461849900052353,0.016955894632828532
45,AGAAATGAGCTCGTGC,infected,wt,74672,9637,0.1290577458752946,8,383,3689,1036,1534,2779,19,158,39,0.005129097921577,0.0494027212341975,0.0138740089993571,0.0205431754874651,0.0372160917077351,0.000254446110992,0.0021159202914077,0.0005222841225626,True,True,True,True,True,True,True,True,WT,WT,WT,WT,WT,WT,T1182C_synonymous,WT,29,254,49,709,423,2,24,11,Not Applicable,Not Applicable,Not Applicable,Not Applicable,Not Applicable,Not Applicable,18/24,Not Applicable,2.0,2.0,ACATGATCTCTGAAAC; GCGACCATAAGCGTAC,CGAAAATTCGGAAATG; GGTCTGAATGGTAGAA,0.010043371984266367,0.00862922687243641,0.007290479979571506,0.0022189375558729586,True,,True,True,sequenced and barcoded,PB1: T1182C_synonymous,,PB1: 18/24,PB1,True,False,0,Complete unmutated genome,0.013730165476171239,0.007410727796561095
51,AGATGAAGTTCTCCTG,infected,wt,149761,13637,0.0910584197487997,7,492,8,176,6951,5574,62,338,36,0.0032852344735945,5.341844672511535e-05,0.0011752058279525,0.0464139528982846,0.0372193027557241,0.0004139929621196,0.0022569293741361,0.000240383010263,True,False,True,True,True,True,True,True,WT,Not Detected,G751A_A251T del47to47 ins1489CG,WT,WT,WT,WT,WT,71,0,99,1995,560,25,211,20,Not Applicable,Not Applicable,98/99 98/99 97/99,Not Applicable,Not Applicable,Not Applicable,Not Applicable,Not Applicable,1.0,1.0,TGTGAAACGGACTGCC,CAAAGTAGAATGGCTG,0.00016164064054015868,9.210868908120646e-05,0.00020202034870080805,6.563502758550974e-05,False,M,True,True,sequenced and barcoded,NA: G751A_A251T del47to47 ins1489CG,"NA: G751A_A251T, NA: del47to47, NA: ins1489CG",NA: 98/99 98/99 97/99,NA,True,True,3,"Missing viral gene(s) and
non-synonymous mutations",0.00017995985545867456,0.00021216593448886482
76,ATCGGATCAGGCGAAT,infected,wt,81238,11306,0.1391713237647406,8,108,3548,116,1558,5497,36,382,61,0.0013294271153893,0.0436741426426056,0.0014279031980107,0.0191782170905241,0.0676653782712523,0.0004431423717964,0.0047022329451734,0.0007508801299884,True,True,True,True,True,True,True,True,WT,WT,WT,WT,WT,WT,WT,WT,8,184,68,856,574,12,43,14,Not Applicable,Not Applicable,Not Applicable,Not Applicable,Not Applicable,Not Applicable,Not Applicable,Not Applicable,1.0,1.0,AGAATGGTTTTCACGC,GGAATATCGTTAGGGA,0.00016164064054015868,9.210868908120646e-05,0.00020202034870080805,6.563502758550974e-05,True,,True,True,sequenced and barcoded,,,,,False,False,0,Complete unmutated genome,0.00017995985545867456,0.00021216593448886482
80,ATGCCTCGTGTTCAGT,infected,wt,139835,10347,0.0739943504844996,8,629,3294,95,1464,4551,13,260,41,0.0044981585439982,0.0235563342510816,0.000679372117138,0.0104694818893696,0.0325455000536346,9.296671076626024e-05,0.0018593342153252,0.0002932027031858,True,True,True,True,True,True,True,True,WT,WT,WT,WT,A69T_synonymous,WT,WT,WT,23,128,43,563,526,2,20,3,Not Applicable,Not Applicable,Not Applicable,Not Applicable,308/526,Not Applicable,Not Applicable,Not Applicable,2.0,1.0,GGGAGCTGTGAGCACG; GGTTTTTCTGTAATGA,GTTTAACTGTTAAGAG,0.00032328128108031736,9.210868908120646e-05,0.0004040406974016161,6.563502758550974e-05,True,,True,True,sequenced and barcoded,NS: A69T_synonymous,,NS: 308/526,NS,True,False,0,Complete unmutated genome,0.0002545016682723594,0.00030004794202771425
81,ATGGAGGGTTGGGTAG,infected,wt,157139,4361,0.0277524993795302,8,261,2058,51,540,1332,14,88,17,0.0016609498596783,0.0130966851004524,0.0003245534208566,0.0034364479855414,0.0084765716976689,8.909309592144534e-05,0.0005600137457919,0.0001081844736188,True,True,True,True,True,True,True,True,G694A_A232T,WT,WT,WT,WT,WT,WT,WT,26,122,32,310,136,6,27,8,26/26,Not Applicable,Not Applicable,Not Applicable,Not Applicable,Not Applicable,Not Applicable,Not Applicable,1.0,1.0,GAATAACATTGAGTTT,TCTGTAAAGACGATGT,0.03932574224904561,0.02702784669471251,0.10801339712612637,0.029559009351142126,True,,True,True,sequenced and barcoded,HA: G694A_A232T,HA: G694A_A232T,HA: 26/26,HA,True,True,1,Complete mutated genome,0.04808329725788878,0.10411037490121546
99,CACGTTCCAGTAGAAT,infected,wt,109481,16844,0.1538531800038362,8,5628,5364,907,228,3863,4,809,41,0.0514061800677743,0.0489948027511623,0.0082845425233602,0.002082553137074,0.035284661265425,3.6536019948666895e-05,0.0073894100346178,0.0003744942044738,True,True,True,True,True,True,True,True,T1554G_D518E,WT,WT,WT,WT,WT,WT,WT,18,257,382,64,439,2,15,2,17/18,Not Applicable,Not Applicable,Not Applicable,Not Applicable,Not Applicable,Not Applicable,Not Applicable,1.0,1.0,TTTGCACACGTCTAAT,GTGGTCTAGGATCGAT,0.00016164064054015868,9.210868908120646e-05,0.00020202034870080805,6.563502758550974e-05,True,,True,True,sequenced and barcoded,HA: T1554G_D518E,HA: T1554G_D518E,HA: 17/18,HA,True,True,1,Complete mutated genome,0.00017995985545867456,0.00021216593448886482
105,CAGCAGCTCTTGGTCC,infected,wt,97503,17329,0.1777278647836477,7,2248,8137,198,5252,1,211,862,420,0.0230557008502302,0.0834538424458734,0.0020307067474846,0.0538650092817656,1.0256094684266126e-05,0.0021640359783801,0.0088407536178373,0.0043075597673917,True,True,True,True,False,True,True,True,WT,WT,WT,WT,Not Detected,WT,WT,WT,952,380,133,3853,0,225,1122,412,Not Applicable,Not Applicable,Not Applicable,Not Applicable,Not Applicable,Not Applicable,Not Applicable,Not Applicable,1.0,1.0,GTATTTAGAAGCGGTC,CGATGGACATTTAACG,0.00016164064054015868,9.210868908120646e-05,0.00020202034870080805,6.563502758550974e-05,False,NS,True,True,sequenced and barcoded,,,,,False,False,0,Missing viral gene(s),0.00017995985545867456,0.00021216593448886482
111,CATCCCATCCTTGAAG,infected,wt,106468,5633,0.0529079159935379,8,288,2263,115,928,1821,20,187,11,0.0027050381335236,0.0212552128339031,0.0010801367547056,0.0087162339857985,0.0171037306984258,0.0001878498703835,0.0017563962880865,0.0001033174287109,True,True,True,True,True,True,True,True,WT,WT,WT,WT,WT,WT,G993C_E331D,WT,20,148,42,500,244,5,44,2,Not Applicable,Not Applicable,Not Applicable,Not Applicable,Not Applicable,Not Applicable,26/44,Not Applicable,2.0,2.0,GCAGAGTTCATGCCTG; TGGAGAAGATGGTCTA,AATTTAATTTAACCTC; GTTATTCAAGGTCGAT,0.03783652069036583,0.012042093914766837,0.0035413798819549907,0.0008003681318504288,True,,True,True,sequenced and barcoded,PB1: G993C_E331D,PB1: G993C_E331D,PB1: 26/44,PB1,True,True,1,Complete mutated genome,0.03148158975952417,0.0031019972767967136
122,CCGGACAAGTTTAGGA,infected,wt,167654,6372,0.0380068474357903,8,1345,328,311,1059,2690,212,194,233,0.0080224748589356,0.0019564102258222,0.0018550109153375,0.0063165805766638,0.0160449497178713,0.0012645090483972,0.0011571450725899,0.0013897670201724,True,True,True,True,True,True,True,True,WT,WT,WT,WT,WT,WT,WT,WT,48,6,143,567,256,144,15,147,Not Applicable,Not Applicable,Not Applicable,Not Applicable,Not Applicable,Not Applicable,Not Applicable,Not Applicable,2.0,2.0,CAGTCGCAGCATGACG; CGAGCAGAGCTCAATG,GTATGGTTTGAACAGC; TAATGGAGCCGGGATA,0.00032328128108031736,0.00018421737816241293,0.0004040406974016161,0.00013127005517101948,True,,True,True,sequenced and barcoded,,,,,False,False,0,Complete unmutated genome,0.0003599197109173491,0.00042433186897772963
124,CCTAAGAAGCCATATC,infected,wt,68618,6149,0.0896120551458801,8,379,1490,81,1218,2855,21,86,19,0.0055233320703022,0.0217144189571249,0.0011804482788772,0.017750444489784,0.041607158471538,0.0003060421463755,0.0012533154565857,0.0002768952752921,True,True,True,True,True,True,True,True,WT,WT,WT,WT,WT,WT,WT,WT,40,115,36,769,377,9,45,8,Not Applicable,Not Applicable,Not Applicable,Not Applicable,Not Applicable,Not Applicable,Not Applicable,Not Applicable,1.0,1.0,TCACTGGATCAAGTTT,TCACGCATGGTACAAC,0.025066191679344922,0.004717642496821535,0.007181270168243361,0.0019330704380807846,True,,True,True,sequenced and barcoded,,,,,False,False,0,Complete unmutated genome,0.016038241373710873,0.006864908180167145
127,CCTCATGGTTACTCAG,infected,wt,135254,2099,0.0155189495319916,8,123,914,27,293,650,2,70,20,0.0009094000916793,0.0067576559658124,0.0001996244103686,0.0021662945273337,0.0048057728422079,1.478699336063998e-05,0.0005175447676223,0.0001478699336063,True,True,True,True,True,True,True,True,WT,WT,del45to46,WT,WT,WT,WT,WT,7,48,9,77,83,2,6,5,Not Applicable,Not Applicable,9/9,Not Applicable,Not Applicable,Not Applicable,Not Applicable,Not Applicable,1.0,1.0,GTTAGCAGATCTGGAA,GCTGAAAAAGATTGTC,0.019627895127295958,0.015374823403001286,0.006015523979047967,0.001326649759705932,True,,True,True,sequenced and barcoded,NA: del45to46,NA: del45to46,NA: 9/9,NA,True,True,1,Complete mutated genome,0.025620758692695738,0.005205052721424771
136,CGATGCGTCCGTGCGA,infected,wt,123972,3773,0.0304342916142354,8,136,494,34,1667,824,3,605,10,0.0010970219081728,0.0039847707546865,0.0002742554770432,0.013446584712677,0.0066466621495176,2.419901268028265e-05,0.004880134223857,8.066337560094215e-05,True,True,True,True,True,True,True,True,WT,WT,WT,WT,WT,WT,WT,WT,8,28,15,587,80,2,80,4,Not Applicable,Not Applicable,Not Applicable,Not Applicable,Not Applicable,Not Applicable,Not Applicable,Not Applicable,1.0,2.0,TAGTTATTGGGACTGG,CGCTGTCATTATGCAT; GAGTTTTCAGAGATTT,0.00016164064054015868,0.00018421737816241293,0.00020202034870080805,0.00013127005517101948,True,,True,True,sequenced and barcoded,,,,,False,False,0,Complete unmutated genome,0.0002545016682723594,0.00030004794202771425
139,CGCCATTGTGTGAATA,infected,wt,160879,4284,0.0266287085324995,8,263,1270,193,103,2372,22,57,4,0.0016347689878728,0.0078941316144431,0.0011996593713287,0.0006402327214863,0.0147440001491804,0.0001367487366281,0.0003543035449002,2.4863406659663472e-05,True,True,True,True,True,True,True,True,WT,WT,del47to1276,WT,WT,WT,WT,WT,17,63,43,55,248,3,5,2,Not Applicable,Not Applicable,30/43,Not Applicable,Not Applicable,Not Applicable,Not Applicable,Not Applicable,2.0,2.0,CACGGATAACAGTTTC; TCAGCATTATCGATCT,AAAAGTTCTTGGATGT; CACCCCGTTAGTGGGG,0.0012081670636477212,0.15035115816638844,0.0004040406974016161,0.20298268753630677,True,,True,True,sequenced and barcoded,NA: del47to1276,NA: del47to1276,NA: 30/43,NA,True,True,1,Complete mutated genome,0.019877736925711542,0.016686002929593397
140,CGCGTGACAGTTGTTG,infected,wt,140619,1762,0.0125303124044403,7,180,673,60,395,421,8,0,25,0.0012800546156636,0.0047859819796755,0.0004266848718878,0.0028090087399284,0.0029939055177465,5.6891316251715626e-05,0.0,0.0001777853632866,True,True,True,True,True,True,False,True,WT,WT,WT,WT,WT,WT,Not Detected,WT,26,32,31,308,47,8,0,19,Not Applicable,Not Applicable,Not Applicable,Not Applicable,Not Applicable,Not Applicable,Not Applicable,Not Applicable,1.0,1.0,GTACCCTGATAGACGT,ATTTGTATGACTTTAA,0.00016164064054015868,9.210868908120646e-05,0.00020202034870080805,6.563502758550974e-05,False,PB1,True,True,sequenced and barcoded,,,,,False,False,0,Missing viral gene(s),0.00017995985545867456,0.00021216593448886482
143,CGGACACGTCGTGGTC,infected,wt,71081,27839,0.3916517775495561,8,25822,1124,24,196,606,10,41,16,0.3632756995540299,0.0158129457942347,0.0003376429706954,0.0027574175940124,0.0085254850100589,0.000140684571123,0.0005768067416046,0.0002250953137969,True,True,True,True,True,True,True,True,del56to1685,WT,WT,WT,WT,WT,WT,WT,2419,43,14,102,55,3,7,4,2385/2419,Not Applicable,Not Applicable,Not Applicable,Not Applicable,Not Applicable,Not Applicable,Not Applicable,1.0,1.0,CTTCTAAGTCGAGAAA,AAAAACACGTTCTATA,0.00016164064054015868,9.210868908120646e-05,0.00020202034870080805,6.563502758550974e-05,True,,True,True,sequenced and barcoded,HA: del56to1685,HA: del56to1685,HA: 2385/2419,HA,True,True,1,Complete mutated genome,0.00017995985545867456,0.00021216593448886482
144,CGTAATGAGCACGGAT,infected,wt,135618,17287,0.1274683301626627,8,992,9345,136,1256,5013,21,320,204,0.0073146632452919,0.0689067822855373,0.0010028167352416,0.009261307496055,0.0369641198071052,0.0001548467017652,0.0023595687888038,0.0015042251028624,True,True,True,True,True,True,True,True,WT,WT,del613to650,WT,WT,WT,A476G_E159G,WT,87,516,57,805,653,7,39,55,Not Applicable,Not Applicable,57/57,Not Applicable,Not Applicable,Not Applicable,36/39,Not Applicable,3.0,1.0,ATTCCAGATGTGAAAA; CGCACTTCAAGAACAT; TAGCAATGCGTTAAAG,TTCCTACGCAGACCGT,0.0019167927382061078,0.006116550796545504,0.0006060610461024241,6.563502758550974e-05,True,,True,True,sequenced and barcoded,"NA: del613to650, PB1: A476G_E159G","NA: del613to650, PB1: A476G_E159G","NA: 57/57, PB1: 36/39","NA, PB1",True,True,2,Complete mutated genome,0.00504999472775994,0.00036748217817004385
149,CGTTAGATCAAGTCGT,infected,wt,140147,12677,0.090455022226662,8,369,9359,112,1585,1167,32,31,22,0.0026329496885413,0.0667798811248189,0.0007991608810748,0.0113095535402113,0.0083269709661997,0.0002283316803071,0.0002211963152975,0.0001569780302111,True,True,True,True,True,True,True,True,WT,WT,del47to47,WT,WT,WT,WT,WT,111,640,76,1071,149,24,17,16,Not Applicable,Not Applicable,76/76,Not Applicable,Not Applicable,Not Applicable,Not Applicable,Not Applicable,1.0,1.0,TAGATTTCAACATCGG,GGATCCTTCAAAAGGC,0.0011087496679651348,0.003527067865852491,0.00020202034870080805,6.563502758550974e-05,True,,True,True,sequenced and barcoded,NA: del47to47,NA: del47to47,NA: 76/76,NA,True,True,1,Complete mutated genome,0.0029165787894974197,0.00021216593448886482
150,CGTTCTGGTGCACAAG,infected,wt,137452,10745,0.0781727439397025,7,1734,5664,231,2178,0,103,654,181,0.0126153129819864,0.0412071123010214,0.001680586677531,0.0158455315310071,0.0,0.0007493525012367,0.0047580246195035,0.0013168233274161,True,True,True,True,False,True,True,True,WT,WT,WT,WT,WT,WT,WT,WT,721,160,169,1669,1,87,683,159,Not Applicable,Not Applicable,Not Applicable,Not Applicable,Not Applicable,Not Applicable,Not Applicable,Not Applicable,2.0,2.0,CTAGTCAATCATTAGT; TACTATCCGAGATCGA,GTAACTACGAAGGTGA; TGTATAGCATTAGGGC,0.00032328128108031736,0.0006968560843099166,0.0004040406974016161,0.00013127005517101948,False,NS,True,True,sequenced and barcoded,,,,,False,False,0,Missing viral gene(s),0.0007000223093336171,0.00042433186897772963
151,CGTTGGGAGCATGAAT,infected,wt,133497,5646,0.0422930852378705,8,754,1387,102,369,2904,15,97,18,0.0056480669977602,0.0103897465860656,0.0007640621137553,0.0027641070585855,0.0217532978269174,0.0001123620755522,0.0007266080885712,0.0001348344906627,True,True,True,True,True,True,True,True,WT,WT,WT,WT,WT,WT,WT,WT,13,61,37,131,321,2,4,5,Not Applicable,Not Applicable,Not Applicable,Not Applicable,Not Applicable,Not Applicable,Not Applicable,Not Applicable,2.0,2.0,CGGATGAGTGAATTAG; TTAAGAGGCCGAATTG,ATGCACTTGATTTTTA; CTGATTGAATTAACCC,0.01326061926834432,0.00927146119537632,0.022654370287175558,0.018974596814505765,True,,True,True,sequenced and barcoded,,,,,False,False,0,Complete unmutated genome,0.016353324294480553,0.038200806855253976
158,CTACCTGGTGCATGTT,infected,wt,141864,1801,0.0126952574296509,8,248,601,13,272,591,6,62,8,0.0017481531607736,0.004236451813004,9.16370608470084e-05,0.0019173292731066,0.0041659617661986,4.229402808323465e-05,0.0004370382901934,5.639203744431285e-05,True,True,True,True,True,True,True,True,WT,WT,WT,WT,WT,WT,WT,WT,3,11,3,36,57,2,5,2,Not Applicable,Not Applicable,Not Applicable,Not Applicable,Not Applicable,Not Applicable,Not Applicable,Not Applicable,4.0,1.0,AACCTTCAAACCCAGC; CGAAAGGAGCTGTTAA; TCTCTCGACTCGACGC; TGTTCCGATGAGATAT,TCAGCAAATTTTCGAT,0.0038793446973526264,0.019043895794135682,0.003727646348814101,0.0009473969335601794,True,,True,True,sequenced and barcoded,,,,,False,False,0,Complete unmutated genome,0.012676726980344645,0.003462530432594324
159,CTACTATCAGACCTAT,infected,wt,115822,3218,0.0277840133998722,8,124,927,10,253,1853,1,38,12,0.0010706083472915,0.0080036607898326,8.633938284609142e-05,0.0021843863860061,0.0159986876413807,8.633938284609141e-06,0.0003280896548151,0.0001036072594153,True,True,True,True,True,True,True,True,WT,WT,G1421C_W474S,WT,WT,WT,WT,WT,7,90,7,185,333,2,23,16,Not Applicable,Not Applicable,4/7,Not Applicable,Not Applicable,Not Applicable,Not Applicable,Not Applicable,2.0,1.0,AATGTATGTCCCTGTC; CGTTCAGTAAGTTGGA,TAATTGTCTGCCAGAA,0.014193943020069256,9.210868908120646e-05,0.0004040406974016161,6.563502758550974e-05,True,,True,True,sequenced and barcoded,NA: G1421C_W474S,NA: G1421C_W474S,NA: 4/7,NA,True,True,1,Complete mutated genome,0.0016863661767446358,0.00030004794202771425
162,CTCAACCCACCCATAA,infected,wt,108047,20432,0.1891028904088036,8,631,7162,5431,1165,4475,22,1378,168,0.0058400510888779,0.0662859681434931,0.050265162383037,0.0107823447203531,0.0414171610502836,0.0002036150934315,0.0127537090340314,0.0015548788952955,True,True,True,True,True,True,True,True,WT,WT,WT,WT,WT,A1391T_Y464F,WT,WT,28,431,12,657,594,6,69,30,Not Applicable,Not Applicable,Not Applicable,Not Applicable,Not Applicable,6/6,Not Applicable,Not Applicable,1.0,1.0,CTTGCTTATCCTTATA,CTGAGACCTCAGACTG,0.00016164064054015868,9.210868908120646e-05,0.00020202034870080805,6.563502758550974e-05,True,,True,True,sequenced and barcoded,PA: A1391T_Y464F,PA: A1391T_Y464F,PA: 6/6,PA,True,True,1,Complete mutated genome,0.00017995985545867456,0.00021216593448886482
167,CTCTGGTGTAAGTTAG,infected,wt,159842,14407,0.0901327560966454,8,589,9173,193,1352,2926,13,141,20,0.0036848888277173,0.0573879205715644,0.0012074423493199,0.0084583526232154,0.0183055767570475,8.13303136847637e-05,0.0008821210945808,0.000125123559515,True,True,True,True,True,True,True,True,A90G_synonymous,WT,WT,A1184C_N395T,WT,WT,WT,WT,107,595,108,1102,371,10,82,15,104/107,Not Applicable,Not Applicable,1073/1102,Not Applicable,Not Applicable,Not Applicable,Not Applicable,1.0,1.0,GAGTACCTAGGTCGTC,TACGGGAATTGCAATT,0.016081012460644126,0.009225475580192453,0.09343537540365611,0.024578714895156145,True,,True,True,sequenced and barcoded,"HA: A90G_synonymous, NP: A1184C_N395T",NP: A1184C_N395T,"HA: 104/107, NP: 1073/1102","HA, NP",True,True,1,Complete mutated genome,0.01796392071704463,0.08829691166903342
176,CTGTACCAGCAATTAG,infected,wt,148542,14050,0.094586043004672,8,1074,5634,139,4725,1317,27,950,184,0.0072302783051258,0.0379286666397382,0.0009357622759892,0.0318091852809306,0.0088661792624308,0.0001817667730338,0.0063954975697109,0.0012387068977124,True,True,True,True,True,True,True,True,WT,WT,WT,WT,WT,WT,WT,WT,257,335,86,3347,150,9,550,185,Not Applicable,Not Applicable,Not Applicable,Not Applicable,Not Applicable,Not Applicable,Not Applicable,Not Applicable,2.0,2.0,TATTCTTGGAAACTCT; TGTCATAGTGTCAGGT,AGCTTGAGGAGAAATA; GTTAAGCTCAAATAGT,0.0013707903920830717,0.0007083585866938894,0.0004040406974016161,0.00013127005517101948,True,,True,True,sequenced and barcoded,,,,,False,False,0,Complete unmutated genome,0.0014533230476312658,0.00042433186897772963
194,GAGGCAAAGCTGTACT,infected,wt,128063,4027,0.0314454604374409,8,337,1922,56,458,1189,9,48,8,0.0026315173000788,0.015008238132794,0.0004372847739003,0.0035763647579706,0.0092844927887055,7.027791009112702e-05,0.000374815520486,6.246925341433513e-05,True,True,True,True,True,True,True,True,WT,WT,WT,WT,WT,WT,WT,WT,27,108,19,233,141,7,3,3,Not Applicable,Not Applicable,Not Applicable,Not Applicable,Not Applicable,Not Applicable,Not Applicable,Not Applicable,1.0,1.0,AAGTAAAATGGGGAAA,ATAAAAATATGTTATA,0.02773567510554849,0.0012633367477593337,0.00020202034870080805,0.002104762155971376,True,,True,True,sequenced and barcoded,,,,,False,False,0,Complete unmutated genome,0.00873029640486978,0.001201460042099862
205,GATCGTAGTACCCGCA,infected,wt,74297,13668,0.1839643592608046,8,369,4880,4939,1017,2305,16,119,23,0.0049665531582701,0.0656823290307818,0.0664764391563589,0.0136883050459641,0.0310241328721213,0.0002153518984615,0.001601679744808,0.0003095683540385,True,True,True,True,True,True,True,True,WT,WT,del109to943,WT,WT,WT,WT,WT,30,338,2514,509,303,2,7,3,Not Applicable,Not Applicable,2483/2514,Not Applicable,Not Applicable,Not Applicable,Not Applicable,Not Applicable,3.0,1.0,CGCGTTAAGCGAGGGT; GGTAGACTCTTACGCG; GTCTCCAATAAACCGA,GCGGCGGGTCTGAACA,0.14695028182310924,0.13904446825450612,0.002007241051568118,0.01179132545262587,True,,True,True,sequenced and barcoded,NA: del109to943,NA: del109to943,NA: 2483/2514,NA,True,True,1,Complete mutated genome,0.210820152455516,0.00896378309112326
211,GCAACATTCGTAACAC,infected,wt,139464,9884,0.0708713359720071,7,884,5,485,6339,1172,104,634,261,0.006338553318419,3.585154591866001e-05,0.00347759995411,0.0454525899156771,0.0084036023633339,0.0007457121551081,0.004545976022486,0.001871450696954,True,False,True,True,True,True,True,True,WT,WT,WT,WT,WT,WT,WT,WT,17,1,305,6295,139,173,1036,315,Not Applicable,Not Applicable,Not Applicable,Not Applicable,Not Applicable,Not Applicable,Not Applicable,Not Applicable,2.0,2.0,GTGTAATCAAAGCAAG; GTGAGGACAACCATTC,ATTTCCGTGAGAGTAT; GGTAGACCCCGACGCG,0.00032328128108031736,0.0008110234915437452,0.0004040406974016161,0.00013127005517101948,False,M,True,True,sequenced and barcoded,,,,,False,False,0,Missing viral gene(s),0.0007551914245691225,0.00042433186897772963
217,GCAGTTAGTGACAGGT,infected,wt,121064,11825,0.097675609594925,8,1094,5357,111,1340,3796,25,87,15,0.0090365426551245,0.0442493226723055,0.0009168704156479,0.0110685257384523,0.0313553161963919,0.0002065023458666,0.0007186281636159,0.0001239014075199,True,True,True,True,True,True,True,True,WT,WT,WT,WT,WT,WT,WT,WT,165,296,69,870,428,7,21,7,Not Applicable,Not Applicable,Not Applicable,Not Applicable,Not Applicable,Not Applicable,Not Applicable,Not Applicable,1.0,1.0,ATCTGCATATCATCGG,TTGGTCTAGTGCCGCA,0.0011779263186440497,9.210868908120646e-05,0.00020202034870080805,9.592792445969333e-05,True,,True,True,sequenced and barcoded,,,,,False,False,0,Complete unmutated genome,0.0004858021326405154,0.00025649584980965746
222,GCATTAGCAGCCCAGT,infected,wt,123091,3665,0.0297747195164553,8,125,946,10,321,2194,5,41,23,0.0010155088511751,0.0076853709856935,8.124070809401174e-05,0.0026078267298177,0.0178242113558261,4.062035404700587e-05,0.0003330869031854,0.0001868536286162,True,True,True,True,True,True,True,True,WT,WT,WT,WT,WT,WT,WT,WT,8,82,5,235,336,9,17,9,Not Applicable,Not Applicable,Not Applicable,Not Applicable,Not Applicable,Not Applicable,Not Applicable,Not Applicable,2.0,2.0,AATGTATGTCCCTGTC; CGTTCAGTAAGTTGGA,GATAAGTATGACAAAG; TAATTGTCTGCCAGAA,0.014193943020069256,0.00018421737816241293,0.0004040406974016161,0.00013127005517101948,True,,True,True,sequenced and barcoded,,,,,False,False,0,Complete unmutated genome,0.0023848819182795277,0.00042433186897772963
229,GCCGATGGTCACATTG,infected,wt,153976,5964,0.0387333090871304,8,841,3802,69,775,104,24,304,45,0.0054618901647009,0.0246921598171143,0.0004481217852132,0.0050332519353665,0.000675429937133,0.0001558684470307,0.0019743336623889,0.0002922533381825,True,True,True,True,True,True,True,True,WT,WT,WT,WT,WT,WT,WT,WT,74,93,42,194,8,5,50,20,Not Applicable,Not Applicable,Not Applicable,Not Applicable,Not Applicable,Not Applicable,Not Applicable,Not Applicable,1.0,1.0,AAATGTGGTACGTGTT,CTGGAGTAATTGGCTG,0.027553894003560623,0.006623275319215092,0.00020202034870080805,0.0030956251649408443,True,,True,True,sequenced and barcoded,,,,,False,False,0,Complete unmutated genome,0.019924064981751245,0.001457075321873103
230,GCGAGAAGTATTCCTT,infected,wt,144290,4001,0.0277288793402176,8,224,1925,30,329,1423,12,47,11,0.0015524291357682,0.0133411878855083,0.0002079146163975,0.0022801302931596,0.0098620833044563,8.31658465590131e-05,0.0003257328990228,7.623535934576201e-05,True,True,True,True,True,True,True,True,WT,WT,WT,WT,WT,WT,WT,WT,34,90,11,162,152,2,13,3,Not Applicable,Not Applicable,Not Applicable,Not Applicable,Not Applicable,Not Applicable,Not Applicable,Not Applicable,2.0,2.0,AGAGAACATGGACTAG; TTGCTGGACAGAGGCT,GGCTGAGCAGTATGGC; TCAACAAGCTTATAAA,0.023162347700581544,0.0057736815383573606,0.0004040406974016161,0.0009996174279664454,True,,True,True,sequenced and barcoded,,,,,False,False,0,Complete unmutated genome,0.017055629560290088,0.0011709537073662775
231,GCGGATCGTAGGTACG,infected,wt,102608,2093,0.0203980196475908,8,132,740,134,244,775,13,51,4,0.0012864493996569,0.0072119133011071,0.0013059410572275,0.0023779822236082,0.0075530173085919,0.0001266957742086,0.0004970372680492,3.89833151411196e-05,True,True,True,True,True,True,True,True,WT,WT,G1483A_noncoding,WT,WT,WT,WT,WT,17,46,74,122,98,12,41,2,Not Applicable,Not Applicable,67/74,Not Applicable,Not Applicable,Not Applicable,Not Applicable,Not Applicable,2.0,2.0,AGTGCAAGAAGGCTGC; ATTCGGTTTTACGAAC,ACAGAAGGATCACGTT; TGGGATGTTGTATTCG,0.00032328128108031736,0.00018421737816241293,0.0004040406974016161,0.00013127005517101948,True,,True,True,sequenced and barcoded,NA: G1483A_noncoding,,NA: 67/74,NA,True,False,0,Complete unmutated genome,0.0003599197109173491,0.00042433186897772963
235,GCTACCTTCTAGCCAA,infected,wt,116408,7503,0.0644543330355302,8,217,2650,40,669,3745,13,145,24,0.0018641330492749,0.0227647584358463,0.000343618995258,0.005747027695691,0.0321713284310356,0.0001116761734588,0.0012456188578104,0.0002061713971548,True,True,True,True,True,True,True,True,WT,WT,WT,WT,WT,WT,WT,WT,20,189,22,425,554,2,47,7,Not Applicable,Not Applicable,Not Applicable,Not Applicable,Not Applicable,Not Applicable,Not Applicable,Not Applicable,1.0,1.0,AGAACAAACACGATCC,ACTATTTTGCTGAAGA,0.00016164064054015868,0.009708938108255833,0.0011923633908320318,0.000739646602050063,True,,True,True,sequenced and barcoded,,,,,False,False,0,Complete unmutated genome,0.0018476138167137543,0.0017303211258586266
236,GCTTTCGCACCCATAA,infected,wt,136070,15733,0.1156243110163886,8,1627,10660,245,2182,859,19,105,36,0.0119570809142353,0.0783420298375836,0.0018005438377305,0.0160358638935841,0.006312927169839,0.0001396340119056,0.0007716616447416,0.0002645697067685,True,True,True,True,True,True,True,True,WT,WT,WT,WT,WT,T1438C_F480L,WT,WT,461,748,174,1410,127,10,55,16,Not Applicable,Not Applicable,Not Applicable,Not Applicable,Not Applicable,10/10,Not Applicable,Not Applicable,1.0,1.0,TCAGGACAATCATCCC,AGGAATGGGATCCAAG,0.04438668348966688,0.0521694150171317,0.0017726385965243915,0.0008899847145600771,True,,True,True,sequenced and barcoded,PA: T1438C_F480L,PA: T1438C_F480L,PA: 10/10,PA,True,True,1,Complete mutated genome,0.07097156553559585,0.002314257259564016
239,GGAGAACGTTAAACAG,infected,wt,125985,8662,0.0687542167718379,8,401,1174,4805,678,1507,5,65,27,0.0031829186014208,0.0093185696709925,0.03813946104695,0.0053815930467912,0.0119617414771599,3.968726435686788e-05,0.0005159344366392,0.000214311227527,True,True,True,True,True,True,True,True,WT,WT,A747T_E249D,WT,WT,WT,WT,WT,25,49,27,265,156,2,12,12,Not Applicable,Not Applicable,19/27,Not Applicable,Not Applicable,Not Applicable,Not Applicable,Not Applicable,3.0,2.0,ACACCCATAATTTGAT; GGATACGAAAAAGAAA; TTGGAACCAAATTGTA,CTCATTTTTCACTGTC; GATGAGCCACCTTCAT,0.00048492192162047604,0.00018421737816241293,0.0006060610461024241,0.00013127005517101948,True,,True,True,sequenced and barcoded,NA: A747T_E249D,NA: A747T_E249D,NA: 19/27,NA,True,True,1,Complete mutated genome,0.0004408098200587667,0.0005196982802984821
250,GGGTCACCAACCAACT,infected,wt,69942,3882,0.0555031311658231,8,230,1336,52,734,1439,19,28,44,0.0032884389923079,0.0191015412770581,0.0007434731634783,0.010494409653713,0.0205741900431786,0.0002716536558863,0.0004003317034113,0.0006290926767893,True,True,True,True,True,True,True,True,WT,WT,WT,WT,WT,WT,WT,WT,48,105,35,625,198,21,17,35,Not Applicable,Not Applicable,Not Applicable,Not Applicable,Not Applicable,Not Applicable,Not Applicable,Not Applicable,1.0,1.0,GACTTCTGTTATTCCT,TAATCAATAACATGGG,0.00016164064054015868,0.004430188940178384,0.00020202034870080805,6.563502758550974e-05,True,,True,True,sequenced and barcoded,,,,,False,False,0,Complete unmutated genome,0.0012480628590994672,0.00021216593448886482
251,GGGTTATCACCAGGTC,infected,wt,118382,3107,0.0262455440860941,8,110,854,11,288,1779,8,36,21,0.0009291953168556,0.0072139345508607,9.291953168556032e-05,0.002432802284131,0.015027622442601,6.757784122586202e-05,0.0003041002855163,0.0001773918332178,True,True,True,True,True,True,True,True,WT,WT,G1421C_W474S,WT,WT,WT,WT,WT,5,85,4,185,248,4,21,14,Not Applicable,Not Applicable,4/4,Not Applicable,Not Applicable,Not Applicable,Not Applicable,Not Applicable,2.0,1.0,AATGTATGTCCCTGTC; CGTTCAGTAAGTTGGA,TAATTGTCTGCCAGAA,0.014193943020069256,9.210868908120646e-05,0.0004040406974016161,6.563502758550974e-05,True,,True,True,sequenced and barcoded,NA: G1421C_W474S,NA: G1421C_W474S,NA: 4/4,NA,True,True,1,Complete mutated genome,0.0016863661767446358,0.00030004794202771425
259,GTACAACAGGGTTAGC,infected,wt,112696,10354,0.0918754880386171,8,1190,1121,1434,1038,5217,20,276,58,0.0105593809895648,0.0099471143607581,0.0127244977638957,0.0092106197203095,0.0462926811954284,0.0001774685880599,0.0024490665152268,0.0005146589053737,True,True,True,True,True,True,True,True,WT,WT,del50to1281,WT,WT,WT,WT,WT,61,55,337,506,585,7,38,18,Not Applicable,Not Applicable,304/337,Not Applicable,Not Applicable,Not Applicable,Not Applicable,Not Applicable,2.0,1.0,TCAACCCCATGCATTT; GCTCTGCATAAATTAG,AAGATACAAAATGATC,0.017349488205954073,0.040829753641455205,0.002063408453146536,0.07102954627376894,True,,True,True,sequenced and barcoded,NA: del50to1281,NA: del50to1281,NA: 304/337,NA,True,True,1,Complete mutated genome,0.03925380560249713,0.022306035200454093
261,GTAGAAATCATGGATC,infected,wt,85076,24780,0.2912689830269406,7,2799,6859,588,13488,2,213,530,301,0.0328999952983215,0.0806220320654473,0.0069114673938596,0.1585405989938408,2.3508392496121117e-05,0.0025036438008368,0.006229724011472,0.0035380130706662,True,True,True,True,False,True,True,True,WT,G660A_synonymous,del45to45,G874A_E292K,Not Detected,WT,WT,C1302A_synonymous,1277,597,446,15122,0,329,848,402,Not Applicable,572/597,442/446,14649/15122,Not Applicable,Not Applicable,Not Applicable,402/402,1.0,1.0,ATTTTTTATAGCATGA,ATTAAGTATAATCCGA,0.00016164064054015868,9.210868908120646e-05,0.00020202034870080805,6.563502758550974e-05,False,NS,True,True,sequenced and barcoded,"M: G660A_synonymous, NA: del45to45, NP: G874A_E292K, PB2: C1302A_synonymous","NA: del45to45, NP: G874A_E292K","M: 572/597, NA: 442/446, NP: 14649/15122, PB2: 402/402","M, NA, NP, PB2",True,True,2,"Missing viral gene(s) and
non-synonymous mutations",0.00017995985545867456,0.00021216593448886482
264,GTAGGAGTCCCGAACG,infected,wt,88746,10126,0.1141009172244382,8,81,1780,335,1356,6350,56,159,9,0.0009127171928875,0.0200572420165415,0.003774818019967,0.0152795618957474,0.0715525206769882,0.0006310143555765,0.0017916300452978,0.0001014130214319,True,True,True,True,True,True,True,True,G166C_G56R,ins825T,WT,WT,WT,WT,WT,WT,20,112,224,959,750,31,103,12,20/20,96/112,Not Applicable,Not Applicable,Not Applicable,Not Applicable,Not Applicable,Not Applicable,1.0,1.0,CTTAATTCGTGAGTTT,GACAATGCGATAATAT,0.00016164064054015868,9.210868908120646e-05,0.00020202034870080805,6.563502758550974e-05,True,,True,True,sequenced and barcoded,"HA: G166C_G56R, M: ins825T","HA: G166C_G56R, M: ins825T","HA: 20/20, M: 96/112","HA, M",True,True,2,Complete mutated genome,0.00017995985545867456,0.00021216593448886482
266,GTAGTACAGCTGGCTC,infected,wt,76658,10138,0.1322497325784654,7,5672,2598,430,125,2,275,663,373,0.0739909728925878,0.0338907876542565,0.0056093297503196,0.001630619113465,2.608990581544001e-05,0.003587362049623,0.0086488037778183,0.0048657674345795,True,True,True,True,False,True,True,True,WT,WT,WT,WT,Not Detected,WT,WT,WT,138,90,245,40,0,14,23,64,Not Applicable,Not Applicable,Not Applicable,Not Applicable,Not Applicable,Not Applicable,Not Applicable,Not Applicable,2.0,2.0,GATGACGTAGAAAAGT; TTGTATTGAACTACAC,AAATCTGCTGAAGCCA; TATTAACCCCAGGTAC,0.00032328128108031736,0.00018421737816241293,0.0004040406974016161,0.00013127005517101948,False,NS,True,True,sequenced and barcoded,,,,,False,False,0,Missing viral gene(s),0.0003599197109173491,0.00042433186897772963
272,GTCAAGTCAATTGGTC,infected,wt,84123,3326,0.039537344127052,8,334,112,58,670,2024,15,79,34,0.0039703767102932,0.0013313838070444,0.0006894666143623,0.0079645281314266,0.0240600073701603,0.0001783103313005,0.0009391010781831,0.0004041700842813,True,True,True,True,True,True,True,True,WT,WT,WT,WT,WT,G1644A_M548I,WT,WT,39,3,38,508,256,10,15,10,Not Applicable,Not Applicable,Not Applicable,Not Applicable,Not Applicable,10/10,Not Applicable,Not Applicable,1.0,1.0,AGAGGCGTTGGATGGG,TTTTAACGTTATACTA,0.00016164064054015868,9.210868908120646e-05,0.00020202034870080805,6.563502758550974e-05,True,,True,True,sequenced and barcoded,PA: G1644A_M548I,PA: G1644A_M548I,PA: 10/10,PA,True,True,1,Complete mutated genome,0.00017995985545867456,0.00021216593448886482
275,GTCATTTGTCTACACA,infected,wt,40140,25134,0.6261584454409567,7,3705,12038,399,7157,4,206,1037,588,0.0923019431988041,0.2999003487792725,0.0099402092675635,0.1783009466865969,9.96512207274539e-05,0.0051320378674638,0.0258345789735924,0.0146487294469357,True,True,True,True,False,True,True,True,WT,WT,del47to47,WT,Not Detected,WT,WT,WT,1985,868,348,7702,0,364,1774,946,Not Applicable,Not Applicable,345/348,Not Applicable,Not Applicable,Not Applicable,Not Applicable,Not Applicable,1.0,1.0,TTCTGTAAAGTTGTCT,TCAGAATGTTTATAAC,0.00016164064054015868,9.210868908120646e-05,0.00020202034870080805,6.563502758550974e-05,False,NS,True,True,sequenced and barcoded,NA: del47to47,NA: del47to47,NA: 345/348,NA,True,True,1,"Missing viral gene(s) and
non-synonymous mutations",0.00017995985545867456,0.00021216593448886482
276,GTCCACTAGCGCCATC,infected,wt,102779,5976,0.0581441734206404,8,971,1504,135,738,2411,40,135,42,0.0094474552194514,0.0146333394954222,0.0013134978935385,0.0071804551513441,0.0234580994171961,0.0003891845610484,0.0013134978935385,0.0004086437891008,True,True,True,True,True,True,True,True,WT,WT,WT,WT,WT,WT,WT,WT,25,94,65,330,292,5,10,6,Not Applicable,Not Applicable,Not Applicable,Not Applicable,Not Applicable,Not Applicable,Not Applicable,Not Applicable,2.0,3.0,AGGTTTCGAATTTCAT; TATACTTTCTGATTTG,ACTCGATCTCGATTTA; ATCACACAACTTTCCA; GATGAGAGAAGTTTAT,0.004008465748012366,0.007903382596446035,0.0004040406974016161,0.00023405843313948588,True,,True,True,sequenced and barcoded,,,,,False,False,0,Complete unmutated genome,0.008301291134006452,0.0005666109497686305
278,GTCGTTCTCGTTTACT,infected,wt,80660,11568,0.1434168113067195,7,853,5856,263,3883,2,95,175,441,0.0105752541532358,0.0726010414083808,0.0032606000495908,0.0481403421770394,2.479543763947433e-05,0.001177783287875,0.002169600793454,0.005467393999504,True,True,True,True,False,True,True,True,C63T_synonymous,WT,ins1489A,WT,Not Detected,WT,WT,WT,522,636,240,2513,0,91,155,457,512/522,Not Applicable,238/240,Not Applicable,Not Applicable,Not Applicable,Not Applicable,Not Applicable,1.0,1.0,AAATGGGACAGAGGTA,TTGGCTGACTGGCTCT,0.00016164064054015868,9.210868908120646e-05,0.00020202034870080805,6.563502758550974e-05,False,NS,True,True,sequenced and barcoded,"HA: C63T_synonymous, NA: ins1489A",NA: ins1489A,"HA: 512/522, NA: 238/240","HA, NA",True,True,1,"Missing viral gene(s) and
non-synonymous mutations",0.00017995985545867456,0.00021216593448886482
291,TAACACGAGTGAGTGC,infected,wt,84149,10451,0.1241963659698867,8,577,2186,2941,1725,2159,36,669,158,0.0068568848114653,0.0259777299789658,0.034949910278197,0.0204993523393029,0.0256568705510463,0.0004278125705593,0.0079501836028948,0.0018776218374549,True,True,True,True,True,True,True,True,WT,WT,del311to1262,WT,WT,WT,WT,WT,18,103,1471,572,227,4,37,24,Not Applicable,Not Applicable,1436/1471,Not Applicable,Not Applicable,Not Applicable,Not Applicable,Not Applicable,2.0,1.0,CACATAAGGAGATAAT; GTATTAAAGGACAAGA,TTGTGAGCGAAGTGCG,0.00032328128108031736,0.13618132092426666,0.0004040406974016161,0.010441177189488216,True,,True,True,sequenced and barcoded,NA: del311to1262,NA: del311to1262,NA: 1436/1471,NA,True,True,1,Complete mutated genome,0.009785862382737319,0.003784404491681211
294,TAACGACTCCGGTAGC,infected,wt,160206,3834,0.0239316879517621,8,172,1896,47,280,1382,3,45,9,0.0010736177171891,0.0118347627429684,0.0002933722831853,0.0017477497721683,0.0086263935183451,1.8725890416089285e-05,0.0002808883562413,5.617767124826786e-05,True,True,True,True,True,True,True,True,WT,WT,WT,WT,WT,WT,WT,WT,16,113,18,155,180,2,6,2,Not Applicable,Not Applicable,Not Applicable,Not Applicable,Not Applicable,Not Applicable,Not Applicable,Not Applicable,1.0,1.0,GTATTTATCAAGAGTC,GCGGTTGCGGTAGAGA,0.014257435631315785,0.026877141215010003,0.043392451053537145,0.026048524653948295,True,,True,True,sequenced and barcoded,,,,,False,False,0,Complete unmutated genome,0.028871031459372407,0.06194537932559951
296,TAAGCACAGGATGGCT,infected,wt,111289,5522,0.0496185606843443,8,427,2125,82,725,2073,8,69,13,0.0038368571916361,0.0190944298178616,0.0007368203506186,0.0065145701731527,0.0186271778882009,7.188491225547898e-05,0.0006200073682035,0.0001168129824151,True,True,True,True,True,True,True,True,WT,WT,WT,WT,WT,WT,WT,WT,21,92,39,238,183,5,6,3,Not Applicable,Not Applicable,Not Applicable,Not Applicable,Not Applicable,Not Applicable,Not Applicable,Not Applicable,2.0,1.0,AAATTTCTCTTGTTCA; GGTCACGGGTTGGCCT,GCAGAAGCATACTGTC,0.02369919891272529,9.210868908120646e-05,0.003588452786315329,6.563502758550974e-05,True,,True,True,sequenced and barcoded,,,,,False,False,0,Complete unmutated genome,0.00217904995864225,0.0008941939241583586
298,TAAGCGTCATATCGGT,infected,wt,152418,7576,0.0497054153708879,7,1480,8,619,2828,1624,13,881,123,0.0097101392224015,5.24872390400084e-05,0.0040612001207206,0.0185542390006429,0.0106549095251217,8.529176344001365e-05,0.0057801571992809,0.0008069913002401,True,False,True,True,True,True,True,True,WT,Not Detected,WT,WT,WT,WT,WT,WT,96,0,222,1066,146,2,315,66,Not Applicable,Not Applicable,Not Applicable,Not Applicable,Not Applicable,Not Applicable,Not Applicable,Not Applicable,1.0,1.0,TCGAGGAATTTAGGCA,CGGTGTCACCTCATTT,0.00016164064054015868,9.210868908120646e-05,0.00020202034870080805,6.563502758550974e-05,False,M,True,True,sequenced and barcoded,,,,,False,False,0,Missing viral gene(s),0.00017995985545867456,0.00021216593448886482
300,TACAACGGTATCACCA,infected,wt,135699,1699,0.0125203575560615,7,22,225,22,4,1337,2,75,12,0.0001621235233863,0.0016580814891782,0.0001621235233863,2.947700425205787e-05,0.0098526886712503,1.4738502126028936e-05,0.000552693829726,8.84310127561736e-05,True,True,True,False,True,True,True,True,WT,WT,WT,WT,T94C_F32L,WT,A1095G_synonymous,WT,2,15,6,5,164,2,8,5,Not Applicable,Not Applicable,Not Applicable,Not Applicable,154/164,Not Applicable,5/8,Not Applicable,1.0,1.0,CAGCTGTGGGAGCAAA,AAGTCCAGATTGTATG,0.00016164064054015868,9.210868908120646e-05,0.00020202034870080805,6.563502758550974e-05,False,NP,True,True,sequenced and barcoded,"NS: T94C_F32L, PB1: A1095G_synonymous",NS: T94C_F32L,"NS: 154/164, PB1: 5/8","NS, PB1",True,True,1,"Missing viral gene(s) and
non-synonymous mutations",0.00017995985545867456,0.00021216593448886482
302,TACCCGTAGTGGAAAG,infected,wt,120359,6532,0.0542709726734186,8,109,3189,125,628,2315,19,126,21,0.0009056240081755,0.026495733596989,0.0010385596424031,0.0052177236434333,0.0192341245773062,0.0001578610656452,0.0010468681195423,0.0001744780199237,True,True,True,True,True,True,True,True,WT,WT,WT,WT,WT,WT,WT,WT,15,183,51,374,260,8,17,2,Not Applicable,Not Applicable,Not Applicable,Not Applicable,Not Applicable,Not Applicable,Not Applicable,Not Applicable,2.0,2.0,CGGCTCAGAAGTACAC; GTCGAGAGGGTGATAT,AATAAGAGAGGTCCGG; GTTCGATCTGTATCAA,0.0017241896547111736,0.0017287720867020559,0.056426584439129665,0.03792419031363502,True,,True,True,sequenced and barcoded,,,,,False,False,0,Complete unmutated genome,0.0025463109750760464,0.08523349564131479
307,TACTTCAAGAATGTTG,infected,wt,152463,9225,0.0605064835402687,7,118,5598,50,112,3078,0,146,123,0.000773958271843,0.0367171051337045,0.0003279484202724,0.0007346044614103,0.0201885047519726,0.0,0.0009576093871955,0.0008067531138702,True,True,True,True,True,False,True,True,WT,WT,del43to43,WT,WT,WT,WT,WT,9,322,31,63,377,1,13,41,Not Applicable,Not Applicable,29/31,Not Applicable,Not Applicable,Not Applicable,Not Applicable,Not Applicable,2.0,1.0,CAATTATGTGATTGAC; ACTCAGGTAATAATAG,TCCTAATTTTAAAATG,0.04423985412653317,9.210868908120646e-05,0.0004040406974016161,6.563502758550974e-05,False,PA,True,True,sequenced and barcoded,NA: del43to43,NA: del43to43,NA: 29/31,NA,True,True,1,"Missing viral gene(s) and
non-synonymous mutations",0.0029771944274490426,0.00030004794202771425
308,TACTTCACAATTTCCT,infected,wt,140342,3565,0.0254022316911544,8,201,504,30,443,2287,13,68,19,0.0014322155876359,0.0035912271451169,0.0002137635205426,0.0031565746533468,0.0162959057160365,9.263085890182554e-05,0.0004845306465633,0.0001353835630103,True,True,True,True,True,True,True,True,WT,WT,WT,WT,T206C_L69S,WT,WT,WT,15,33,12,232,250,2,9,5,Not Applicable,Not Applicable,Not Applicable,Not Applicable,221/250,Not Applicable,Not Applicable,Not Applicable,1.0,1.0,GAGTCGATTGGCAGGG,AATGGGGAGATGAAAC,0.0010139839339393239,0.0008312584400589453,0.0006071178576888412,0.0002993925850643602,True,,True,True,sequenced and barcoded,NS: T206C_L69S,NS: T206C_L69S,NS: 221/250,NS,True,True,1,Complete mutated genome,0.001354046642060306,0.0007855381544173723
312,TAGCACAGTAGTCACT,infected,wt,76697,2696,0.0351513096992059,8,519,695,195,364,847,12,46,18,0.0067668878834895,0.0090616321368502,0.0025424723261666,0.0047459483421776,0.011043456719298,0.0001564598354564,0.0005997627025828,0.0002346897531846,True,True,True,True,True,True,True,True,WT,WT,WT,WT,WT,WT,WT,WT,27,25,82,80,90,7,12,3,Not Applicable,Not Applicable,Not Applicable,Not Applicable,Not Applicable,Not Applicable,Not Applicable,Not Applicable,3.0,2.0,AGCCTAATAGCGGCCA; CGCTTGACACAGGTGT; ATTACCGAAGTAGAAT,ATTGAGAGATCATTAC; GGCCAATCTTAATTGC,0.0014767822232843618,0.00018421737816241293,0.0006060610461024241,0.00013127005517101948,True,,True,True,sequenced and barcoded,,,,,False,False,0,Complete unmutated genome,0.0007692607607766763,0.0005196982802984821
315,TATTTCGGTGCCTAAT,infected,wt,82915,23929,0.2885967557136827,7,7179,10282,459,4741,1,436,514,317,0.0865826448772839,0.1240065126937224,0.0055357896641138,0.0571790387746487,1.2060543930531268e-05,0.0052583971537116,0.006199119580293,0.0038231924259784,True,True,True,True,False,True,True,True,WT,WT,WT,WT,WT,WT,WT,WT,2480,602,324,2342,2,233,315,123,Not Applicable,Not Applicable,Not Applicable,Not Applicable,Not Applicable,Not Applicable,Not Applicable,Not Applicable,1.0,1.0,TATTCGTTTTGAATAA,ATAGCGTGTAGTCTTG,0.00016164064054015868,0.0007149969814559071,0.00020202034870080805,6.563502758550974e-05,False,NS,True,True,sequenced and barcoded,,,,,False,False,0,Missing viral gene(s),0.0005013920449189306,0.00021216593448886482
317,TCAAGTGCAATAGGAT,infected,wt,77388,31462,0.4065488189383367,7,3704,13294,423,10020,1,309,3008,703,0.0478627177340156,0.1717837390809944,0.0054659637153046,0.1294774383625368,1.292190003618132e-05,0.00399286711118,0.0388690753088334,0.0090840957254354,True,True,True,True,False,True,True,True,A158G_K53R,WT,WT,WT,Not Detected,WT,WT,WT,330,458,204,4196,0,46,541,187,315/330,Not Applicable,Not Applicable,Not Applicable,Not Applicable,Not Applicable,Not Applicable,Not Applicable,1.0,1.0,ATTCCGCTGAGATCTG,CATGATGAACATAATT,0.00016164064054015868,9.210868908120646e-05,0.00020202034870080805,6.563502758550974e-05,False,NS,True,True,sequenced and barcoded,HA: A158G_K53R,HA: A158G_K53R,HA: 315/330,HA,True,True,1,"Missing viral gene(s) and
non-synonymous mutations",0.00017995985545867456,0.00021216593448886482
323,TCATTTGTCACTGATG,infected,wt,144109,6625,0.045972146083867,8,182,1212,159,669,4181,21,170,31,0.0012629329188322,0.0084103005363995,0.0011033315060128,0.0046423193554878,0.0290127611738336,0.000145723029096,0.0011796626164916,0.0002151149477131,True,True,True,True,True,True,True,True,WT,WT,WT,WT,WT,WT,WT,WT,5,54,3,177,473,2,6,5,Not Applicable,Not Applicable,Not Applicable,Not Applicable,Not Applicable,Not Applicable,Not Applicable,Not Applicable,2.0,1.0,CGCGCAATGGCAAGTT; CGTCTTTCTGGGGAGT,GTCTAGGAATGTCAGA,0.00032328128108031736,9.210868908120646e-05,0.0004040406974016161,6.563502758550974e-05,True,,True,True,sequenced and barcoded,,,,,False,False,0,Complete unmutated genome,0.0002545016682723594,0.00030004794202771425
329,TCCCACAGTTACGGAG,infected,wt,120342,9869,0.082007944026192,7,881,6249,85,2160,3,82,271,138,0.0073208023798839,0.0519270080271227,0.0007063203204201,0.0179488457894999,2.4928952485416564e-05,0.0006813913679347,0.0022519153745159,0.0011467318143291,True,True,True,True,False,True,True,True,WT,WT,del1480to1480 del52to52,WT,WT,WT,WT,WT,316,197,62,1636,2,74,328,180,Not Applicable,Not Applicable,61/62 61/62,Not Applicable,Not Applicable,Not Applicable,Not Applicable,Not Applicable,1.0,1.0,GATTGAGTTTTGAGTA,TTCCTCAGCCTTTAAG,0.00016164064054015868,9.210868908120646e-05,0.00020202034870080805,6.563502758550974e-05,False,NS,True,True,sequenced and barcoded,NA: del1480to1480 del52to52,"NA: del1480to1480, NA: del52to52",NA: 61/62 61/62,NA,True,True,2,"Missing viral gene(s) and
non-synonymous mutations",0.00017995985545867456,0.00021216593448886482
330,TCCTAATAGCATCGAG,infected,wt,145538,3418,0.0234852753232832,8,131,922,12,285,1994,6,48,20,0.0009001085627121,0.0063351152276381,8.245269276752465e-05,0.0019582514532287,0.0137008891148703,4.1226346383762325e-05,0.00032981077107,0.0001374211546125,True,True,True,True,True,True,True,True,WT,WT,G1421C_W474S,WT,WT,WT,WT,WT,9,76,11,185,314,11,16,9,Not Applicable,Not Applicable,6/11,Not Applicable,Not Applicable,Not Applicable,Not Applicable,Not Applicable,2.0,2.0,AATGTATGTCCCTGTC; CGTTCAGTAAGTTGGA,GATAAGTATGACAAAG; TAATTGTCTGCCAGAA,0.014193943020069256,0.00018421737816241293,0.0004040406974016161,0.00013127005517101948,True,,True,True,sequenced and barcoded,NA: G1421C_W474S,NA: G1421C_W474S,NA: 6/11,NA,True,True,1,Complete mutated genome,0.0023848819182795277,0.00042433186897772963
333,TCCTTCTCAACTTCTT,infected,wt,101478,7433,0.073247403378072,8,581,2123,124,525,3951,22,70,37,0.00572537889986,0.020920790713258,0.001221939730779,0.0051735351504759,0.0389345473895819,0.0002167957586866,0.0006898046867301,0.0003646110487002,True,True,True,True,True,True,True,True,WT,WT,WT,WT,WT,WT,WT,WT,14,138,65,198,484,4,3,4,Not Applicable,Not Applicable,Not Applicable,Not Applicable,Not Applicable,Not Applicable,Not Applicable,Not Applicable,1.0,1.0,TATTAGTAACGCGGGG,ATTAGGACTGTTGTGT,0.0016581393102043217,0.0009087453037996187,0.003140598907994904,0.0014378469676809013,True,,True,True,sequenced and barcoded,,,,,False,False,0,Complete unmutated genome,0.001810429639623136,0.00391537019834231
336,TCGACCTGTGGTCTGC,infected,wt,131552,24348,0.1850827049379713,8,879,7814,9310,1283,4558,27,382,95,0.0066817684261736,0.0593985648260763,0.0707704937971296,0.0097527973729019,0.034647895889078,0.0002052420335684,0.0029037946971539,0.000722147895889,True,True,True,True,True,True,True,True,WT,WT,WT,WT,WT,WT,G1433A_S478N,WT,20,389,6,413,453,5,13,8,Not Applicable,Not Applicable,Not Applicable,Not Applicable,Not Applicable,Not Applicable,10/13,Not Applicable,1.0,1.0,AGTCTACCATAGGAAT,GAACCCGATGGGGAAT,0.00016164064054015868,9.210868908120646e-05,0.00020202034870080805,6.563502758550974e-05,True,,True,True,sequenced and barcoded,PB1: G1433A_S478N,PB1: G1433A_S478N,PB1: 10/13,PB1,True,True,1,Complete mutated genome,0.00017995985545867456,0.00021216593448886482
339,TCTAACTGTCCAAATC,infected,wt,136725,4132,0.0302212470287072,8,215,1520,56,459,1790,6,61,25,0.001572499542878,0.0111172060705796,0.0004095812762845,0.0033571036752605,0.0130919729383799,4.388370817334065e-05,0.0004461510330956,0.0001828487840555,True,True,True,True,True,True,True,True,T643C_Y215H,WT,del47to47,WT,WT,WT,WT,WT,18,102,29,145,217,2,7,5,17/18,Not Applicable,27/29,Not Applicable,Not Applicable,Not Applicable,Not Applicable,Not Applicable,2.0,1.0,AATAAGCTCGCTTGTC; CCTAGCGGGTTGGAGA,GTTTCCATTGGACTAA,0.00032328128108031736,9.210868908120646e-05,0.0004040406974016161,6.563502758550974e-05,True,,True,True,sequenced and barcoded,"HA: T643C_Y215H, NA: del47to47","HA: T643C_Y215H, NA: del47to47","HA: 17/18, NA: 27/29","HA, NA",True,True,2,Complete mutated genome,0.0002545016682723594,0.00030004794202771425
340,TCTACATAGACCGCCT,infected,wt,149893,8771,0.0585150740861814,8,247,4056,138,526,3673,11,97,23,0.0016478421273842,0.0270593023023089,0.0009206567351377,0.0035091698745104,0.0245041462910209,7.338568178634093e-05,0.0006471282848431,0.0001534427891896,True,True,True,True,True,True,True,True,WT,WT,WT,WT,WT,WT,WT,WT,37,289,78,355,425,6,18,8,Not Applicable,Not Applicable,Not Applicable,Not Applicable,Not Applicable,Not Applicable,Not Applicable,Not Applicable,1.0,2.0,AGGTATAGGTCATATG,GATTTTCATGGACGGT; TCGAGCTTATAAAGTC,0.022207544894831698,0.0007176739595958687,0.0611524504434542,0.01425003334283123,True,,True,True,sequenced and barcoded,,,,,False,False,0,Complete unmutated genome,0.00588794740830022,0.05439076068776113
351,TCTTAGTCATTCGATG,infected,wt,150284,5316,0.0353730270687498,8,316,2099,131,1034,1511,24,184,17,0.0021026855819648,0.0139668893561523,0.0008716829469537,0.0068803066194671,0.0100542971973064,0.0001596976391365,0.0012243485667136,0.000113119161055,True,True,True,True,True,True,True,True,WT,WT,WT,WT,WT,WT,WT,WT,69,123,54,654,185,12,45,8,Not Applicable,Not Applicable,Not Applicable,Not Applicable,Not Applicable,Not Applicable,Not Applicable,Not Applicable,1.0,1.0,TGGGTGAATATGATAT,GACGCCAAAGGGTATC,0.05889465663726367,0.03118398155455934,0.12597127919186524,0.04884481566693402,True,,True,True,sequenced and barcoded,,,,,False,False,0,Complete unmutated genome,0.06320534163951834,0.14452908976081058
355,TGACAGTTCAGACATC,infected,wt,148671,14183,0.0953985646158296,8,1076,7294,201,1808,2866,75,653,210,0.0072374572041622,0.0490613502297018,0.0013519785297737,0.012161080506622,0.0192774650066253,0.0005044696006618,0.0043922486564292,0.0014125148818532,True,True,True,True,True,True,True,True,WT,WT,WT,WT,WT,G478A_D160N,G1715A_R572K,WT,53,352,97,828,368,8,70,55,Not Applicable,Not Applicable,Not Applicable,Not Applicable,Not Applicable,6/8,52/70,Not Applicable,3.0,2.0,ACTCGTCACATAGAGA; ATCGCATTAAAAAATG; ATGCCCCAATCGAATA,GAGTCAGAAAAGTAAA; TTCGTGGACGGACTGT,0.009829402893418118,0.014028370728374689,0.0007434298974381891,0.0001560767421063099,True,,True,True,sequenced and barcoded,"PA: G478A_D160N, PB1: G1715A_R572K","PA: G478A_D160N, PB1: G1715A_R572K","PA: 6/8, PB1: 52/70","PA, PB1",True,True,2,Complete mutated genome,0.017318777755469503,0.0006276237466645406
365,TGCAGATAGCTGAAGC,infected,wt,79800,10529,0.1319423558897243,8,413,4193,985,1606,3086,23,188,35,0.0051754385964912,0.0525438596491228,0.0123433583959899,0.020125313283208,0.0386716791979949,0.0002882205513784,0.0023558897243107,0.000438596491228,True,True,True,True,True,True,True,True,WT,WT,WT,WT,WT,WT,T1182C_synonymous,WT,11,136,38,645,264,3,14,4,Not Applicable,Not Applicable,Not Applicable,Not Applicable,Not Applicable,Not Applicable,12/14,Not Applicable,2.0,2.0,ACATGATCTCTGAAAC; GCGACCATAAGCGTAC,CGAAAATTCGGAAATG; GGTCTGAATGGTAGAA,0.010043371984266367,0.00862922687243641,0.007290479979571506,0.0022189375558729586,True,,True,True,sequenced and barcoded,PB1: T1182C_synonymous,,PB1: 12/14,PB1,True,False,0,Complete unmutated genome,0.013730165476171239,0.007410727796561095
374,TGGGCTGAGTGCAAAT,infected,wt,155416,18956,0.1219694239975292,7,2045,11790,196,4190,3,82,458,192,0.0131582333865239,0.075860915221084,0.0012611314150409,0.0269599011684768,1.930303186287126e-05,0.0005276162042518,0.002946929531065,0.0012353940392237,True,True,True,True,False,True,True,True,WT,WT,WT,WT,WT,WT,WT,WT,922,644,159,3411,1,81,610,172,Not Applicable,Not Applicable,Not Applicable,Not Applicable,Not Applicable,Not Applicable,Not Applicable,Not Applicable,1.0,1.0,CCCGACAAGTGATTGA,GAATAGTCAGGGTTCA,0.00016164064054015868,9.210868908120646e-05,0.00020202034870080805,6.563502758550974e-05,False,NS,True,True,sequenced and barcoded,,,,,False,False,0,Missing viral gene(s),0.00017995985545867456,0.00021216593448886482
376,TGGGTTAGTGCACGCT,infected,wt,144313,4006,0.0277591069411626,8,315,2347,95,527,645,16,26,35,0.002182755538309,0.016263261106068,0.0006582913528233,0.0036517846625044,0.0044694518165376,0.0001108701225807,0.0001801639491937,0.0002425283931454,True,True,True,True,True,True,True,True,WT,WT,WT,WT,WT,WT,WT,WT,8,109,38,179,56,4,2,6,Not Applicable,Not Applicable,Not Applicable,Not Applicable,Not Applicable,Not Applicable,Not Applicable,Not Applicable,1.0,1.0,GAGATTTCAATGTCAT,ACAAGAGTTCGCTTAA,0.00016164064054015868,9.210868908120646e-05,0.00020202034870080805,6.563502758550974e-05,True,,True,True,sequenced and barcoded,,,,,False,False,0,Complete unmutated genome,0.00017995985545867456,0.00021216593448886482
377,TGGTAGTCAGAATTCC,infected,wt,141623,4747,0.0335185668994442,7,536,2066,219,1083,513,0,93,237,0.0037846959886459,0.0145880259562359,0.0015463589953609,0.0076470629770588,0.0036222929891331,0.0,0.0006566729980299,0.0016734569949796,True,True,True,True,True,False,True,True,WT,WT,WT,WT,WT,WT,WT,WT,38,104,101,215,47,2,6,26,Not Applicable,Not Applicable,Not Applicable,Not Applicable,Not Applicable,Not Applicable,Not Applicable,Not Applicable,1.0,2.0,CCGGACCCCAGTGTAC,GTTTATCCAAGTCGCT; TGCTGGGATGTAAATG,0.00016164064054015868,0.017322247201279305,0.00020202034870080805,0.00013127005517101948,False,PA,True,True,sequenced and barcoded,,,,,False,False,0,Missing viral gene(s),0.002467899392126982,0.00030004794202771425
378,TGTAACGAGCCTTCTC,infected,wt,104162,3748,0.0359824120120581,7,79,697,69,841,1980,0,13,69,0.0007584339778422,0.0066914997791901,0.0006624296768495,0.0080739617134847,0.0190088515965515,0.0,0.0001248055912904,0.0006624296768495,True,True,True,True,True,False,True,True,WT,WT,WT,WT,WT,Not Detected,WT,WT,7,39,33,486,268,0,5,10,Not Applicable,Not Applicable,Not Applicable,Not Applicable,Not Applicable,Not Applicable,Not Applicable,Not Applicable,1.0,1.0,AGTTTTACATTTGGCG,CTGACGGGTTGGTCTG,0.00016164064054015868,9.210868908120646e-05,0.00020202034870080805,6.563502758550974e-05,False,PA,True,True,sequenced and barcoded,,,,,False,False,0,Missing viral gene(s),0.00017995985545867456,0.00021216593448886482
386,TGTGTGACAACTAGAA,infected,wt,130326,8157,0.0625891993922931,8,72,3861,74,1513,2354,12,204,67,0.0005524607522673,0.0296257078403388,0.0005678068842748,0.0116093488636189,0.0180623973727422,9.207679204456517e-05,0.0015653054647576,0.0005140954222488,True,True,True,True,True,True,True,True,WT,WT,WT,WT,WT,WT,WT,WT,3,244,38,674,347,6,15,7,Not Applicable,Not Applicable,Not Applicable,Not Applicable,Not Applicable,Not Applicable,Not Applicable,Not Applicable,1.0,1.0,CTAGGATACTGTACTT,ACTCTTTTTGACAGAC,0.00016164064054015868,9.210868908120646e-05,0.00020202034870080805,6.563502758550974e-05,True,,True,True,sequenced and barcoded,,,,,False,False,0,Complete unmutated genome,0.00017995985545867456,0.00021216593448886482
387,TGTTCCGTCACGGACC,infected,wt,126029,9131,0.0724515786049242,8,597,4230,125,1117,2762,10,247,43,0.0047370049750454,0.0335637035920304,0.0009918352125304,0.008863039459172,0.0219155908560728,7.934681700243594e-05,0.0019598663799601,0.0003411913131104,True,True,True,True,True,True,True,True,WT,WT,WT,WT,WT,WT,WT,WT,57,222,45,415,316,2,46,5,Not Applicable,Not Applicable,Not Applicable,Not Applicable,Not Applicable,Not Applicable,Not Applicable,Not Applicable,4.0,4.0,AACCCAAATGCATTAG; GACTGATAAAAAAATC; TAACCATTAGGCAGGG; TGTGTCTTAATACTAT,AGATCTGTGTTGTGAT; GTATCATTTAGTCGGA; GTATCTTAAGTGTGAT; TTGCTAGGTTTCTGTG,0.06781185409893402,0.04309592925822097,0.285452816819913,0.03530398721320764,True,,True,True,sequenced and barcoded,,,,,False,False,0,Complete unmutated genome,0.07972985750473749,0.18496489289392476
392,TTACCATGTTGCTTGA,infected,wt,88802,17138,0.1929911488479988,7,2942,2735,875,7502,3,291,1294,1496,0.0331298844620616,0.0307988558816242,0.0098533816805927,0.0844800792774937,3.378302290488953e-05,0.0032769532217742,0.0145717438796423,0.0168464674219049,True,True,True,True,False,True,True,True,WT,WT,WT,WT,Not Detected,WT,WT,WT,43,111,439,2640,0,17,88,345,Not Applicable,Not Applicable,Not Applicable,Not Applicable,Not Applicable,Not Applicable,Not Applicable,Not Applicable,1.0,1.0,TTTCGCATATCGTTCC,GTTACTGAGAGGGAGG,0.00016164064054015868,9.210868908120646e-05,0.00020202034870080805,6.563502758550974e-05,False,NS,True,True,sequenced and barcoded,,,,,False,False,0,Missing viral gene(s),0.00017995985545867456,0.00021216593448886482
394,TTCAATCCAAGATCCT,infected,wt,134204,7241,0.0539551727221245,8,858,189,4,1816,4304,19,46,5,0.0063932520640219,0.0014083037763404,2.98053709278412e-05,0.0135316384012399,0.0320705791183571,0.0001415755119072,0.0003427617656701,3.72567136598015e-05,True,True,True,True,True,True,True,True,WT,WT,WT,WT,WT,WT,WT,WT,90,15,4,1038,579,6,12,4,Not Applicable,Not Applicable,Not Applicable,Not Applicable,Not Applicable,Not Applicable,Not Applicable,Not Applicable,1.0,1.0,AGAGGCACCTTATGAG,AAACAGCTCCTAGTTG,0.00016164064054015868,9.210868908120646e-05,0.00020202034870080805,6.563502758550974e-05,True,,True,True,sequenced and barcoded,,,,,False,False,0,Complete unmutated genome,0.00017995985545867456,0.00021216593448886482
397,TTCATGTCATGAAGCG,infected,wt,120102,2985,0.0248538742069241,8,234,1494,54,295,847,6,43,12,0.0019483439076784,0.0124394264874856,0.0004496178248488,0.0024562455246373,0.0070523388453148,4.995753609431983e-05,0.0003580290086759,9.991507218863964e-05,True,True,True,True,True,True,True,True,WT,WT,WT,WT,WT,WT,WT,WT,23,66,21,141,70,2,12,3,Not Applicable,Not Applicable,Not Applicable,Not Applicable,Not Applicable,Not Applicable,Not Applicable,Not Applicable,2.0,2.0,CAGGAGAGTTTTCTAA; TAATATACATTAGCAT,GTTCCTCCGGAAGATA; TTTAATTAAAAATAAG,0.021719509523580666,0.010222371862240268,0.12166541425745994,0.022902134709725804,True,,True,True,sequenced and barcoded,,,,,False,False,0,Complete unmutated genome,0.021976113940975758,0.09725945066927434
403,TTGAGTGTCCTGGGTG,infected,wt,43013,8648,0.201055494850394,8,795,2317,82,1475,3534,24,317,104,0.0184827842745216,0.0538674354264989,0.0019064003905795,0.0342919582451816,0.0821612070769302,0.0005579708460232,0.0073698649245576,0.0024178736661009,True,True,True,True,True,True,True,True,WT,WT,WT,WT,WT,WT,WT,WT,11,158,20,404,391,2,12,18,Not Applicable,Not Applicable,Not Applicable,Not Applicable,Not Applicable,Not Applicable,Not Applicable,Not Applicable,1.0,1.0,ACTCACATTATATATC,GTATTTGCAAAAAATG,0.002093348544061918,0.008326211128006399,0.00020202034870080805,9.044171452080016e-05,True,,True,True,sequenced and barcoded,,,,,False,False,0,Complete unmutated genome,0.0061573598506579645,0.0002490532491193324
404,TTGCGTCCACCCTCTA,infected,wt,160497,1816,0.0113148532371321,7,241,678,30,312,463,0,60,32,0.0015015856994211,0.0042243780257574,0.0001869193816706,0.0019439615693751,0.0028847891237842,0.0,0.0003738387633413,0.000199380673782,True,True,True,True,True,False,True,True,A954G_synonymous,WT,WT,WT,WT,WT,WT,WT,16,33,15,107,66,1,2,3,15/16,Not Applicable,Not Applicable,Not Applicable,Not Applicable,Not Applicable,Not Applicable,Not Applicable,1.0,1.0,CATACTAGAGAGACAA,GAGCTCCTGTATTGCC,0.00016164064054015868,9.210868908120646e-05,0.00020202034870080805,6.563502758550974e-05,False,PA,True,True,sequenced and barcoded,HA: A954G_synonymous,,HA: 15/16,HA,True,False,0,Missing viral gene(s),0.00017995985545867456,0.00021216593448886482
405,TTGGGATGTAACGATA,infected,wt,161690,9470,0.0585688663491867,8,407,4600,71,627,3666,16,74,9,0.0025171624713958,0.0284495021337126,0.0004391118807594,0.0038777908343125,0.0226730162656936,9.89547900303049e-05,0.0004576659038901,5.566206939204651e-05,True,True,True,True,True,True,True,True,WT,WT,WT,WT,WT,WT,WT,WT,36,266,31,389,484,6,28,5,Not Applicable,Not Applicable,Not Applicable,Not Applicable,Not Applicable,Not Applicable,Not Applicable,Not Applicable,1.0,1.0,GTGGGATCTAAATGGC,TAAAAAATGTCTCATG,0.01639124812923343,0.011826240213366382,0.003104554635721264,0.00010161887446981316,True,,True,True,sequenced and barcoded,,,,,False,False,0,Complete unmutated genome,0.02053427689561398,0.0010348969429801538
408,TTTCACAAGCCAAGCA,infected,wt,68424,2308,0.0337308546708757,6,475,796,219,461,1,129,0,227,0.0069420086519349,0.0116333450251373,0.0032006313574184,0.0067374020811411,1.4614755056705249e-05,0.0018853034023149,0.0,0.003317549397872,True,True,True,True,False,True,False,True,T465A_H155Q,WT,WT,WT,Not Detected,WT,Not Detected,WT,90,31,132,214,0,44,0,104,85/90,Not Applicable,Not Applicable,Not Applicable,Not Applicable,Not Applicable,Not Applicable,Not Applicable,1.0,1.0,GAACGCACTCATTATC,GGTATCAGTTATTGTT,0.00016164064054015868,9.210868908120646e-05,0.00020202034870080805,6.563502758550974e-05,False,NS; PB1,True,True,sequenced and barcoded,HA: T465A_H155Q,HA: T465A_H155Q,HA: 85/90,HA,True,True,1,"Missing viral gene(s) and
non-synonymous mutations",0.00017995985545867456,0.00021216593448886482
409,TTTGGAGGTATCGTTG,infected,wt,150130,3526,0.023486311863052,8,93,1668,45,418,1230,7,57,8,0.0006194631319523,0.0111103710117897,0.0002997402251382,0.0027842536468394,0.0081928994871111,4.662625724372212e-05,0.0003796709518417,5.328715113568241e-05,True,True,True,True,True,True,True,True,WT,WT,del47to47,WT,WT,WT,WT,WT,12,112,31,348,167,6,23,7,Not Applicable,Not Applicable,31/31,Not Applicable,Not Applicable,Not Applicable,Not Applicable,Not Applicable,1.0,1.0,AGTAAACTTCCTCGCG,ACATCTTATTTACACG,0.0112332666524165,0.016489482852430407,0.00020202034870080805,0.00018461337669868698,True,,True,True,sequenced and barcoded,NA: del47to47,NA: del47to47,NA: 31/31,NA,True,True,1,Complete mutated genome,0.020072737510704,0.00035582741159071373
